1053,A001,Suhas Iyer,suhas@gmail.com,8861103652
1054,A002,Sumukh Venugopal,sumukhvenugopal@gmail.com,8861103653
1055,A003,Mayur,mayurls@gmail.com,8861103654
1056,A004,Keerthana Velineni,keerthanavelineni@gmail.com,8861103655
1004,A005,Sri Govind Nayak,govindnayak@gmail.com,8861103656
1048,A006,Biphin Babu,biphintiffin@gmail.com,8861103657
