1000,5000,manish,manish@gmail.com,9854213970
1001,5001,ram,ram@gmail.com,9854213971
1002,5002,shyam,shyam@gmail.com,9854213972
1003,5003,kilbil,kilbil@gmail.com,9854213973
1004,5004,gopla,gopla@gmail.com,9854213974
1005,5005,gopal,gopal@gmail.com,9854213975
1006,5006,kiran,kiran@gmail.com,9854213976
1007,5007,narik,narik@gmail.com,9854213977
1008,5008,likit,likit@gmail.com,9854213978
1009,5009,hita,hita@gmail.com,9854213979
1010,5010,hitha,hitha@gmail.com,9854213980
1011,5011,gathi,gathi@gmail.com,9854213981
1012,5012,mathi,mathi@gmail.com,9854213982
1013,5013,matha,matha@gmail.com,9854213983
1014,5014,mathangi,mathangi@gmail.com,9854213984
1015,5015,ramu,ramu@gmail.com,9854213985
1016,5016,srira,srira@gmail.com,9854213986
1017,5017,rudra,rudra@gmail.com,9854213987
1018,5018,shiva,shiva@gmail.com,9854213988
1019,5019,brahma,brahma@gmail.com,9854213989
1020,5020,vishnu,vishnu@gmail.com,9854213990
1021,5021,maheshwara,maheshwara@gmail.com,9854213991
1022,5022,amitavh,amitavh@gmail.com,9854213992
1023,5023,amitabh,amitabh@gmail.com,9854213993
1024,5024,dhheraj,dhheraj@gmail.com,9854213994
1025,5025,disha,disha@gmail.com,9854213995
1026,5026,trupthi,trupthi@gmail.com,9854213996
1027,5027,shreyas,shreyas@gmail.com,9854213997
1028,5028,chandra babu,chandra babu@gmail.com,9854213998
1029,5029,pawan kalyam,pawan kalyam@gmail.com,9854213999
1030,5030,pavan kalyan,pavan kalyan@gmail.com,9854214000
1031,5031,roger,roger@gmail.com,9854214001
1032,5032,nadal,nadal@gmail.com,9854214002
1033,5033,sumit,sumit@gmail.com,9854214003
1034,5034,sudarshan,sudarshan@gmail.com,9854214004
1035,5035,vibhakar,vibhakar@gmail.com,9854214005
1036,5036,babu,babu@gmail.com,9854214006
1037,5037,babu gogineni,babu gogineni@gmail.com,9854214007
1038,5038,mohan babu,mohan babu@gmail.com,9854214008
1039,5039,mahesh babu,mahesh babu@gmail.com,9854214009
1040,5040,smapoornesh babu,smapoornesh babu@gmail.com,9854214010
1041,5041,ampoornesh babu,ampoornesh babu@gmail.com,9854214011
1042,5042,anapurna,anapurna@gmail.com,9854214012
1043,5043,anupama,anupama@gmail.com,9854214013
1044,5044,shreyas,shreyas@gmail.com,9854214014
1045,5045,jalaja,jalaja@gmail.com,9854214015
1046,5046,sundari,sundari@gmail.com,9854214016
1047,5047,rama,rama@gmail.com,9854214017
1048,5048,krithi,krithi@gmail.com,9854214018
1049,5049,harhsita,harhsita@gmail.com,9854214019
1050,5050,jarhsita,jarhsita@gmail.com,9854214020
1051,5051,harshta,harshta@gmail.com,9854214021
1052,5052,kreya,kreya@gmail.com,9854214022
